<databaseChangeLog xmlns:xsi="http://www.w3.org/2001/XMLSchema-instance"
                   xmlns="http://www.liquibase.org/xml/ns/dbchangelog"
                   xsi:schemaLocation="http://www.liquibase.org/xml/ns/dbchangelog
   http://www.liquibase.org/xml/ns/dbchangelog/dbchangelog-3.4.xsd">
    <changeSet id="create-table-nnews" author="Ulyana">
        <preConditions onFail="MARK_RAN">
            <not>
                <tableExists tableName="news"/>
            </not>
        </preConditions>
        <createTable tableName="news">
            <column name="id" type="int" autoIncrement="true" startWith="6">
                <constraints nullable="false" primaryKey="true"/>
            </column>
            <column name="title" type="varchar">
                <constraints nullable="false" unique="true"/>
            </column>
            <column name="text" type="varchar">
                <constraints nullable="false"/>
            </column>
            <column name="created_at" type="date">
                <constraints nullable="false"/>
            </column>
            <column name="isliked" type="boolean">
                <constraints nullable="false"/>
            </column>
        </createTable>
    </changeSet>
</databaseChangeLog>