<databaseChangeLog xmlns:xsi="http://www.w3.org/2001/XMLSchema-instance"
                   xmlns="http://www.liquibase.org/xml/ns/dbchangelog"
                   xsi:schemaLocation="http://www.liquibase.org/xml/ns/dbchangelog
   http://www.liquibase.org/xml/ns/dbchangelog/dbchangelog-3.4.xsd">
<changeSet id="create-table-comments" author="Ulyana">
    <preConditions onFail="MARK_RAN">
        <not>
            <tableExists tableName="comments"/>
        </not>
    </preConditions>
    <createTable tableName="comments">
        <column name="id" type="int" autoIncrement="true">
            <constraints nullable="false" primaryKey="true"/>
        </column>
        <column name="created_at" type="date">
            <constraints nullable="false"/>
        </column>
        <column name="comment_text" type="varchar">
            <constraints nullable="false"/>
        </column>
        <column name="user_id" type="int">
            <constraints nullable="false"/>
        </column>
        <column name="news_id" type="int">
            <constraints nullable="false" />
        </column>
    </createTable>
    <addForeignKeyConstraint
            constraintName="comments_news_id_fkey"
            baseTableName="comments"
            baseColumnNames="news_id"
            referencedTableName="news"
            referencedColumnNames="id"
            onDelete="CASCADE"/>
    <addForeignKeyConstraint
            constraintName="comments_user_id_fkey"
            baseTableName="comments"
            baseColumnNames="user_id"
            referencedTableName="users"
            referencedColumnNames="id"
            onDelete="CASCADE"/>
</changeSet>
</databaseChangeLog>