<databaseChangeLog xmlns:xsi="http://www.w3.org/2001/XMLSchema-instance"
                   xmlns="http://www.liquibase.org/xml/ns/dbchangelog"
                   xsi:schemaLocation="http://www.liquibase.org/xml/ns/dbchangelog
   http://www.liquibase.org/xml/ns/dbchangelog/dbchangelog-3.4.xsd">

    <changeSet id="create-table-users" author="Ulyana">
        <preConditions onFail="MARK_RAN">
            <not>
                <tableExists tableName="users"/>
            </not>
        </preConditions>

        <createTable tableName="users">
            <column name="id" type="int" autoIncrement="true" startWith="3">
                <constraints nullable="false" primaryKey="true" />
            </column>
            <column name="name" type="varchar">
                <constraints nullable="false"/>
            </column>
            <column name="lastname" type="varchar">
                <constraints nullable="false"/>
            </column>
            <column name="email" type="varchar">
                <constraints nullable="false"/>
            </column>
            <column name="password" type="varchar">
                <constraints nullable="false"/>
            </column>

        </createTable>

    </changeSet>
</databaseChangeLog>