<databaseChangeLog xmlns:xsi="http://www.w3.org/2001/XMLSchema-instance"
                   xmlns="http://www.liquibase.org/xml/ns/dbchangelog"
                   xsi:schemaLocation="http://www.liquibase.org/xml/ns/dbchangelog
   http://www.liquibase.org/xml/ns/dbchangelog/dbchangelog-3.4.xsd">

    <changeSet id="add-roles-table" author="Ulyana" >

        <createTable tableName="roles">
            <column name="id" type="int" autoIncrement="true">
                <constraints nullable="false" primaryKey="true"/>
            </column>
            <column name="role_name" type="varchar">
                <constraints nullable="false"/>
            </column>
        </createTable>
    </changeSet>
</databaseChangeLog>