<databaseChangeLog xmlns:xsi="http://www.w3.org/2001/XMLSchema-instance"
                   xmlns="http://www.liquibase.org/xml/ns/dbchangelog"
                   xsi:schemaLocation="http://www.liquibase.org/xml/ns/dbchangelog
   http://www.liquibase.org/xml/ns/dbchangelog/dbchangelog-3.4.xsd">

    <changeSet id="add-table-themes" author="Ulyana">
        <createTable tableName="themes">
            <column name="id" type="int" autoIncrement="true" startWith="6">
                <constraints primaryKey="true"/>
            </column>
            <column name="theme_name" type="varchar(50)">
                <constraints nullable="false"/>
            </column>
        </createTable>

    </changeSet>
</databaseChangeLog>